726382042,raamensavin,ILUHALOH
129895256,xructoc,Илья
6265392077,sssvmem,Димка Пупкин
129895256,xructoc,peee
47762058,MrTsvet,тестин
47762058,MrTsvet,тестин
129895256,xructoc,fee
129895256,xructoc,fee
129895256,xructoc,e
129895256,xructoc,e
6341955335,vesh_education,Testin
6340241770,,Ilia-test-2
895056868,loveulike,ксюха)
726382042,raamensavin,биба
726382042,raamensavin,flsjnslfs
129895256,xructoc,илюха
726382042,raamensavin,адвоы
607317158,faithwicca,уляля
736360043,mouse11111,kefir
726382042,raamensavin,абоба
1084869090,soul1e,соули
1096606067,dsshji,беброчка228
718037930,vstetsenko,DDD
1065244402,FaUrNeIs,FaUrNeIs
785036057,marIeyn25,Глеб
1960193979,pumpkinorso,Сергей Сладкий
2134065208,timofey2035,Timofey 2035
745902302,a0rina,Аааа
879133793,dsecon2,Арбузик456
930867852,abzmm3,ffirsace
930867852,abzmm3,ffirsacee
933772685,hooneygirrrl,Рома спасибо за муницип
946462967,sunnix_21,SOS
809405427,meerccury,kkkk
1880073920,artemdolgih,А
5019569707,Damirkat,дамир
726382042,raamensavin,Бабудубабу
6225982360,alicochcka,.
5329200530,gerasimov_ep,Dddd4f
1366799082,mariyellla,УдВуввв4444
1366799082,mariyellla,Абвгд
1074757834,liza_psh,riboba
855718938,Anton_Slepukhin,IVR
1104395638,muschinkina_maria,Австралия
1652182736,relianceluv,Капибара
1022282595,zakharinskv,яандрейсайгак
1843208660,hengeho,我想买一个平果
1043880858,Ruslan_155,Окмдпг
1206497777,Hello_kittythebest,алиска
1041221578,RA2029spc171051618,аежи
629970075,fedorlo,Олматкруче
851543905,I_Gizatullin,AllonsEnfantsDeLaPatrie
843311501,Heavi_rain1,Бибер
1924199236,EgorP0midor,ЕгорПомидор
1050170633,NataliaMikhailova15,angelcharli
1976328450,Roma_2010,Атеьнбеткиеьн
1033792302,TalMa_7,Рулагушшывр
738742098,chereshenkka,chereshenka
1951031124,tagir57564,T-shirt
770982429,Kamillakalim,АААААААААа
833699965,Lolot12,Lolot12
5647274957,rushan0404,Rushan04
1490230330,babkin_intbtb,Дшнрроо776
1291719659,Abdulaziz_0012,Abdulaziz Abdulmajid
1034489133,s_sashkaaa,myradosty
589715128,Kvant_006,АаБбСс
928568800,polinnts,plts
1100063418,gsophrgepous,hiithere
1361700512,trijakl,Триджакл
1952252659,danilabodrov2,Магнат
859848504,Biktail,…
1142977162,surv_ice,сивии
6854567821,,Прп
753747044,Olya_Skvortsova,Ашхрэлрав
1360156653,breadofthedead,хлебдедулька
6398236366,,Алматы
1005422136,Gudleifr_7,Пчелаизиндии
683172562,dsshpak,Shpak
443104368,sxbntm,sosiska
1058139178,zlatachb,ОлегиАнисья
1125754030,chips_ed,АртртАрРт1111
1367893834,Umar_Israfilov,Umar
983342051,Ga66asov,Мое имя будет Gabbasov
1483419611,yulya_kuzinaa,Karina
785036057,marIeyn25,Глеб.
447300772,tatianapolya,SophieShade
1735807599,arseny_gf,Сенечка
447300772,tatianapolya,SophieChase
965767737,libvss,чифмиц
837330681,DrailSnap,дрель шнапс
1211593723,gg_buf,УдВуввв444
2025424421,avehound,123
929179742,savva737,Sav19
1844925061,redisochna,Дюдюка
764592912,viafanaseva,Антоша228
886246648,SsK8q,ддд
6225982360,alicochcka,..
848692942,khomyakovv,mkh
808927521,kurilovaksenia,Ксения5555
1706301987,vrvlsss,vrvlsss
1955581197,SchwimmtDieWurstchenKochDieWrstn,Saguuuuuu
813419635,WorentiS,lwb12381
899470427,AlissaVoronova,picinum11
820538511,aalsu9,ambzh919
1265768813,Anna_Zolkina_V,Zav
5138288440,Arishkannnm,Арина
5223293277,Non_Name_0_o,WhyUNeedMyName
836420919,idskoflr,лишь бы не слить
1088176985,ekklerkka,жужужу
1103195416,bigwillie3000,harrykane09
726382042,raamensavin,ябудубабудубибу
